{"cameraMode":{"drawMode":0,"name":"Shaded","section":"Shading Mode"},"sceneLighting":true,"audioPlay":false,"sceneViewState":{"showFog":true,"showMaterialUpdate":false,"showSkybox":true,"showFlares":true,"showImageEffects":true,"showParticleSystems":true},"in2DMode":false,"pivot":{"x":-454.5516357421875,"y":83.43267059326172,"z":444.8269958496094},"rotation":{"x":0.025555163621902467,"y":0.640120267868042,"z":0.021326052024960519,"w":-0.7675821781158447},"size":647.98095703125,"orthographic":false}